Absol\1.jpeg	Absol
Absol\10.jpeg	Absol
Absol\11.jpg	Absol
Absol\12.jpeg	Absol
Absol\2.png	Absol
Absol\3.png	Absol
Absol\4.jpeg	Absol
Absol\5.jpeg	Absol
Absol\6.jpeg	Absol
Absol\7.png	Absol
Absol\8.jpeg	Absol
Absol\9.jpeg	Absol
Aipom\1.jpeg	Aipom
Aipom\10.png	Aipom
Aipom\11.jpeg	Aipom
Aipom\12.jpeg	Aipom
Aipom\13.jpeg	Aipom
Aipom\14.png	Aipom
Aipom\15.jpeg	Aipom
Aipom\2.jpeg	Aipom
Aipom\3.png	Aipom
Aipom\4.png	Aipom
Aipom\5.png	Aipom
Aipom\6.png	Aipom
Aipom\7.jpeg	Aipom
Aipom\8.jpeg	Aipom
Aipom\9.png	Aipom
Amoonguss\1.png	Amoonguss
Amoonguss\10.png	Amoonguss
Amoonguss\11.jpeg	Amoonguss
Amoonguss\12.jpeg	Amoonguss
Amoonguss\13.png	Amoonguss
Amoonguss\14.png	Amoonguss
Amoonguss\15.png	Amoonguss
Amoonguss\16.gif	Amoonguss
Amoonguss\17.png	Amoonguss
Amoonguss\18.png	Amoonguss
Amoonguss\19.png	Amoonguss
Amoonguss\2.png	Amoonguss
Amoonguss\20.png	Amoonguss
Amoonguss\3.png	Amoonguss
Amoonguss\4.png	Amoonguss
Amoonguss\5.png	Amoonguss
Amoonguss\6.png	Amoonguss
Amoonguss\7.jpeg	Amoonguss
Amoonguss\8.jpeg	Amoonguss
Amoonguss\9.png	Amoonguss
Araquanid\1.png	Araquanid
Araquanid\10.png	Araquanid
Araquanid\11.png	Araquanid
Araquanid\12.png	Araquanid
Araquanid\13.png	Araquanid
Araquanid\14.jpeg	Araquanid
Araquanid\15.png	Araquanid
Araquanid\16.jpeg	Araquanid
Araquanid\2.png	Araquanid
Araquanid\3.png	Araquanid
Araquanid\4.jpeg	Araquanid
Araquanid\5.jpeg	Araquanid
Araquanid\6.png	Araquanid
Araquanid\7.png	Araquanid
Araquanid\8.jpeg	Araquanid
Araquanid\9.jpeg	Araquanid